timestamp,t_in,t_out,q_heat_w,q_people_w,co2
2026-03-30 00:00:00,16.078288976560163,4.5558812179935915,1219.0416904779345,0.0,457.01234883265215
2026-03-30 00:15:00,15.959464332660579,3.9428304935887235,1724.5356509127478,100.0,467.1607634735783
2026-03-30 00:30:00,15.754284266667018,4.286416956932115,1481.1610849298334,0.0,453.295772657014
2026-03-30 00:45:00,15.743726546111652,4.166890737818442,1277.813780956856,0.0,464.8759584609865
2026-03-30 01:00:00,15.704720336857068,3.1406492158961434,1737.7568228707748,100.0,468.7484222280496
2026-03-30 01:15:00,15.540906986035552,3.195081735504166,1625.1351143192308,0.0,455.2631040834654
2026-03-30 01:30:00,15.465361043525194,3.5030601292495396,1247.0916016104172,0.0,471.68596421774663
2026-03-30 01:45:00,15.332084393996249,3.2685812686666114,1855.4365680515448,0.0,448.2895635352761
2026-03-30 02:00:00,15.211762027175311,3.2774256616830084,1631.7594736732385,0.0,443.61693789105203
2026-03-30 02:15:00,15.186601048903391,2.966236207105645,1497.9607768749909,0.0,453.42237118597706
2026-03-30 02:30:00,15.048226753815248,3.4466404982692227,1818.043761124356,100.0,468.51192823511116
2026-03-30 02:45:00,15.038080812546694,3.3980457594270095,1531.8595567659281,0.0,445.7862768644303
2026-03-30 03:00:00,15.019572607743433,3.187755923423327,1494.3833849791936,0.0,441.7408238435612
2026-03-30 03:15:00,14.757854153053415,3.5307536970699847,1367.9399767956022,100.0,483.47875537672064
2026-03-30 03:30:00,14.7229119960063,3.3788177841366394,1616.3700878614156,0.0,452.61474776310416
2026-03-30 03:45:00,14.658671534320959,3.0479713684221257,1595.320593464796,100.0,459.14171694878337
2026-03-30 04:00:00,14.63102502048965,3.50455950304367,1502.9360279779423,100.0,472.3274424182368
2026-03-30 04:15:00,14.510322083082201,3.2151063172635648,1342.0027292264795,100.0,464.1268387875093
2026-03-30 04:30:00,14.541144596217995,3.8953967627928527,1525.9859708332149,0.0,447.97694842945737
2026-03-30 04:45:00,14.45364888863686,3.765733478510642,1486.0402428475725,0.0,454.49818297531596
2026-03-30 05:00:00,14.333171834860936,3.8932816827586008,1233.3051362531598,100.0,454.6649418541465
2026-03-30 05:15:00,14.217674700068375,3.931008558190285,1205.6375297351628,0.0,452.8210176313374
2026-03-30 05:30:00,14.215596807313299,4.706373672830554,1613.030675761954,100.0,480.303638461854
2026-03-30 05:45:00,14.039913086695307,4.514535796321398,979.6223369896622,0.0,453.7294212975785
2026-03-30 06:00:00,15.213132868283965,4.6697491483528015,9041.082105392252,0.0,446.9903031697323
2026-03-30 06:15:00,16.16007078360674,4.945070803229732,8904.383388449234,100.0,460.94315775657407
2026-03-30 06:30:00,17.342035910790656,5.4769537237358605,9261.649321375982,100.0,461.7172802132391
2026-03-30 06:45:00,18.368061148706694,5.706446771462053,8901.306358169224,100.0,462.9682985756177
2026-03-30 07:00:00,19.343186023459946,6.012048351132578,9131.89684285038,100.0,461.97754773793383
2026-03-30 07:15:00,20.297369623500735,6.319561328358113,8920.617231752442,0.0,457.33049152859655
2026-03-30 07:30:00,21.31088513934217,7.144330385572963,9022.749630697228,100.0,451.1343271743281
2026-03-30 07:45:00,22.112847413405973,6.699589922248104,9147.36730618401,100.0,471.8960004032971
2026-03-30 08:00:00,23.182734177529024,6.994364717382291,8907.488856735084,0.0,446.9625077988595
2026-03-30 08:15:00,24.09898770540665,7.235931689109417,9199.31097689968,0.0,453.01558228556297
2026-03-30 08:30:00,24.975668992787043,8.001020517590858,8801.260424578704,100.0,455.98409671839306
2026-03-30 08:45:00,25.91506146350621,8.493835239620294,9058.918568511675,0.0,460.6290485347955
2026-03-30 09:00:00,26.17926353932588,8.461234355636288,5184.527944557571,600.0,549.965079681375
2026-03-30 09:15:00,26.416667224993535,8.583603380758856,5132.007498358067,400.0,517.6767242060006
2026-03-30 09:30:00,26.795877839478365,8.927092893270727,5383.288975347082,700.0,542.8819617936517
2026-03-30 09:45:00,27.068241366334398,9.705561745421521,4847.312136537868,900.0,591.6329685685284
2026-03-30 10:00:00,27.316901835503394,10.065083013423228,4724.170149730282,600.0,543.2388407010857
2026-03-30 10:15:00,27.577460388554503,10.331186473147609,4801.132978300976,1100.0,602.1578300229395
2026-03-30 10:30:00,27.920486870130176,10.287789398186478,5132.088513309687,1000.0,599.8056209298335
2026-03-30 10:45:00,28.11604863786475,10.868049096856785,5099.584586853875,800.0,572.9162759122661
2026-03-30 11:00:00,28.468322810847848,11.134843779221828,5020.451331929483,1100.0,619.4486021905852
2026-03-30 11:15:00,28.777811975771932,11.456124129520708,4775.408590178574,700.0,556.4180909355908
2026-03-30 11:30:00,28.942179987202373,11.930676952570051,5153.373458665812,500.0,527.329851334779
2026-03-30 11:45:00,29.288032253053093,12.001969026035745,4755.059044469892,400.0,521.7888911380247
2026-03-30 12:00:00,29.574147387526818,12.390033583530643,5231.78991647538,1100.0,624.8082712792855
2026-03-30 12:15:00,29.952287845506802,12.442905793570056,5571.487684627973,1100.0,592.0635603697381
2026-03-30 12:30:00,30.217107101008374,12.729484984763088,5073.29022931431,900.0,582.4604915612986
2026-03-30 12:45:00,30.552185023010637,13.035207325965594,5116.621627131549,400.0,508.68279177964837
2026-03-30 13:00:00,30.89949018683895,12.593883215375087,4901.428046220888,600.0,525.9832114181843
2026-03-30 13:15:00,30.958933897035998,13.101734156919614,4637.957335782637,400.0,510.7534644658585
2026-03-30 13:30:00,31.211143609156604,13.203864196926455,4879.456127393955,400.0,519.990062179284
2026-03-30 13:45:00,31.43294499273558,13.28080870904204,4781.42095178025,500.0,516.3074571232753
2026-03-30 14:00:00,31.802025708815282,13.497086456077335,4710.599084716997,800.0,572.691207509519
2026-03-30 14:15:00,32.01461046893316,14.114521813256264,5344.47198839913,400.0,502.6734121816285
2026-03-30 14:30:00,32.28990969823554,13.471634382872338,5054.572503605154,1100.0,609.6247038105626
2026-03-30 14:45:00,32.53675753522094,14.06591624798168,5075.937516122796,700.0,566.8191490733603
2026-03-30 15:00:00,32.72733311018519,13.293187183288264,4938.19552696075,600.0,535.6595374391054
2026-03-30 15:15:00,32.98948887892079,13.69871744480532,4965.425783511313,800.0,573.697699912085
2026-03-30 15:30:00,33.381914213968805,13.827707985227361,5192.9101364478665,1000.0,585.0302550715121
2026-03-30 15:45:00,33.552264436743016,13.91314845095334,4993.532576260957,600.0,554.898540491159
2026-03-30 16:00:00,33.67370927401786,13.88797719247863,5106.138787604947,400.0,514.821219570452
2026-03-30 16:15:00,33.95312939670004,13.82918577330894,4960.799140430997,400.0,508.54000125879793
2026-03-30 16:30:00,34.06190695964171,13.382787085151612,4931.569421853591,1000.0,604.6043720799992
2026-03-30 16:45:00,34.15681237921187,13.225065220700685,4718.617166879628,400.0,498.7214445684175
2026-03-30 17:00:00,34.424815937053744,13.478250061659592,4604.450187526574,900.0,594.4602459340213
2026-03-30 17:15:00,34.594747579418865,13.00193240099585,4947.68761978672,700.0,552.4081217960286
2026-03-30 17:30:00,34.74357730362397,12.497202947967882,5011.299338398647,1000.0,598.3674438796126
2026-03-30 17:45:00,34.77436074080508,12.343441695058269,4742.773992658242,400.0,506.06675508027615
2026-03-30 18:00:00,34.630360361253146,12.194932922920355,2993.1050269930734,100.0,460.3547887780353
2026-03-30 18:15:00,34.529134252720205,12.39203612285046,3010.7505125981006,100.0,470.5573648930273
2026-03-30 18:30:00,34.29339541905679,12.043535096764288,2568.7983987881244,0.0,452.0472548008338
2026-03-30 18:45:00,34.076426142169005,11.952754746631474,2816.9750681040996,0.0,455.2139851312243
2026-03-30 19:00:00,33.86526690656678,11.350255323016222,3081.452778747094,0.0,449.92964248411545
2026-03-30 19:15:00,33.802698198155504,11.248024081068126,3077.411745879149,100.0,469.10559848861743
2026-03-30 19:30:00,33.65618338389972,11.100614146943657,2769.2650167200477,100.0,461.6492100485997
2026-03-30 19:45:00,33.376255878332685,10.524326996325323,3031.689610099947,100.0,482.83785473127637
2026-03-30 20:00:00,33.3300292529341,10.451386903436207,3204.4814450720946,0.0,437.456556668556
2026-03-30 20:15:00,33.15588429331765,9.807369216813,3155.4145917981796,0.0,460.0874985885039
2026-03-30 20:30:00,32.99049895690078,9.584356391173548,2980.9428425972133,100.0,475.94325960576776
2026-03-30 20:45:00,32.795651301414956,9.263191082583855,2906.4047373351414,100.0,458.18272955227525
2026-03-30 21:00:00,32.50201486071307,8.70190827810311,2874.1311031330993,100.0,482.83418888444777
2026-03-30 21:15:00,32.28378606477572,8.889606912557278,3093.5639565819315,0.0,457.96392226356255
2026-03-30 21:30:00,32.14631006755408,8.286856206643114,3039.0207946285777,0.0,457.7691120545833
2026-03-30 21:45:00,32.039263893633354,8.118287108588708,3125.88080122044,100.0,465.224177496207
2026-03-30 22:00:00,31.55306863467684,7.949706579903909,1526.3747626242305,100.0,463.26219073425057
2026-03-30 22:15:00,31.15384317138727,7.635831032040595,1663.7527900694884,0.0,448.3247293836831
2026-03-30 22:30:00,30.68869415074826,7.404661618191136,1518.91850659154,100.0,468.1242447705561
2026-03-30 22:45:00,30.476129786902078,6.886770614770632,1656.9377432263373,0.0,461.20949020027115
2026-03-30 23:00:00,30.04145352441452,6.509968091104934,1674.1645540733277,0.0,451.45051374289136
2026-03-30 23:15:00,29.606676187454905,6.344289435362481,1339.0946739550373,100.0,457.7084510149017
2026-03-30 23:30:00,29.146690591737425,5.605046877627882,1138.3711906258509,100.0,471.5954164990798
2026-03-30 23:45:00,28.764402696103073,5.433088848226837,1808.6985712029107,100.0,472.36920597115835
2026-03-31 00:00:00,28.327055240391896,5.240403434062986,1551.3317461424524,0.0,455.2372762275823
2026-03-31 00:15:00,27.88387585181741,5.1230671730068815,1157.1028209007757,100.0,470.9639912521999
2026-03-31 00:30:00,27.470873560781445,5.343195576997708,1357.2361005562577,100.0,462.83257495873755
2026-03-31 00:45:00,27.26351962803455,4.76952394991663,1654.3748584739656,100.0,457.56808666295535
2026-03-31 01:00:00,26.77742175030215,4.763320884515992,1444.0646337734215,0.0,443.05445255487376
2026-03-31 01:15:00,26.35709845123189,5.120576884273014,1397.5877161361745,100.0,451.9162940123371
2026-03-31 01:30:00,26.08407521855087,4.497064449564029,1780.1763720625934,100.0,466.8955888923676
2026-03-31 01:45:00,25.632702832207798,4.718007581065946,1290.542570723238,100.0,464.33240973418725
2026-03-31 02:00:00,25.382675818648313,4.129643726025688,1340.3693284490332,0.0,446.48009836376235
2026-03-31 02:15:00,24.94254212401793,4.281646749077376,1542.2772950096535,100.0,441.35504940523947
2026-03-31 02:30:00,24.67577120650658,4.012710719667403,1578.0909864107764,0.0,440.02146024244666
2026-03-31 02:45:00,24.395157348523885,4.171564619778819,1599.2686068681462,0.0,458.9667252112253
2026-03-31 03:00:00,24.082086277238563,4.522178740079645,1682.2476089137895,100.0,459.68299199949496
2026-03-31 03:15:00,23.75486242985915,3.770001663000852,1539.7157241363034,0.0,452.88473342125474
2026-03-31 03:30:00,23.47323220937183,4.457889619411482,1597.876787787682,100.0,453.87451656019795
2026-03-31 03:45:00,23.177695993088392,4.459363221032144,1448.1581481369833,0.0,461.50964385887386
2026-03-31 04:00:00,22.87233962140723,4.291163987522278,1512.5396606473428,100.0,463.8477787195626
2026-03-31 04:15:00,22.604032583256387,4.137525701412308,1521.5068360107268,100.0,467.32032317186827
2026-03-31 04:30:00,22.45170426736649,4.715076322620857,1543.0196271638072,100.0,483.6062383350535
2026-03-31 04:45:00,22.145611045214277,4.6763502701827955,1654.507961516552,0.0,462.13152080471525
2026-03-31 05:00:00,21.895041042949693,5.065848934741133,1611.0291363889662,0.0,447.54747502970355
2026-03-31 05:15:00,21.68554979599312,5.181876036112616,1508.8434005800366,0.0,445.2542385210371
2026-03-31 05:30:00,21.541971758075697,5.852814279805516,1338.174803011792,0.0,447.39563990784376
2026-03-31 05:45:00,21.319234625217156,5.514303386662238,1513.534251612542,100.0,469.0791859878123
2026-03-31 06:00:00,22.224310769779393,5.508870148134331,8994.39644302085,0.0,449.15820692599306
2026-03-31 06:15:00,23.092675922437472,6.11453296038177,9038.63631596264,0.0,446.8380468399722
2026-03-31 06:30:00,24.08606879738889,6.3855785762662425,9441.30506142808,0.0,461.7374500056723
2026-03-31 06:45:00,24.887245101551667,6.999080005066099,8895.245444291753,0.0,449.0863208657773
2026-03-31 07:00:00,25.776868244195725,7.125376757579337,9084.457803825071,100.0,483.39671274429855
2026-03-31 07:15:00,26.708716397072624,7.276009545859813,9213.69241344886,100.0,465.7259405100174
2026-03-31 07:30:00,27.539333059692208,7.9113930043073495,9019.600382819877,0.0,464.2825471537978
2026-03-31 07:45:00,28.313063473712432,7.4272995251728,9467.569023834432,100.0,467.858555381685
2026-03-31 08:00:00,29.095318722716573,7.910289937628779,8924.392141653705,100.0,472.7036845859956
2026-03-31 08:15:00,29.925909236805115,8.1479490179396,9064.817844464009,0.0,444.2031115878582
2026-03-31 08:30:00,30.748102861615425,8.636739785769011,8840.238851021404,0.0,443.1699262193007
2026-03-31 08:45:00,31.30174666592783,8.671109532784763,8929.695052971341,0.0,453.6776476401199
2026-03-31 09:00:00,31.578285878463113,9.606370279506871,5049.786782079332,400.0,517.9084259397225
2026-03-31 09:15:00,31.6776294038166,9.68074403126374,5169.260812461546,400.0,510.3220520160037
2026-03-31 09:30:00,31.875136988436594,9.636230292758729,5063.818966804715,1100.0,604.7088533193304
2026-03-31 09:45:00,32.08495660450989,10.099940569802724,5251.8229698669475,500.0,514.1179330696854
2026-03-31 10:00:00,32.252390026411014,10.821508588426871,4981.006937881466,1000.0,588.5829087825101
2026-03-31 10:15:00,32.41804887613647,11.296065723811708,4933.566294032199,400.0,495.859023096485
2026-03-31 10:30:00,32.71924593162527,11.953812412250635,5540.797021455877,500.0,525.8758828755767
2026-03-31 10:45:00,32.905971606634985,12.530797722620363,5078.847529888406,400.0,519.0003513736642
2026-03-31 11:00:00,33.02260957675058,12.0732115694164,4856.103690804291,900.0,584.8926737046015
2026-03-31 11:15:00,33.29040512575168,11.933445012271843,4861.147247550386,800.0,551.9166819412972
2026-03-31 11:30:00,33.43128043991665,11.860088112004297,4811.464017093732,700.0,553.4739163173236
2026-03-31 11:45:00,33.65585894841696,12.836249656935145,5187.313871171357,500.0,523.6976080269392
2026-03-31 12:00:00,33.71016859627641,12.754043445612375,4927.124541421352,400.0,526.7679900018035
2026-03-31 12:15:00,33.99480611033853,13.100040608730989,5025.472495131297,800.0,558.3428966966435
2026-03-31 12:30:00,34.199567512082226,13.251515180584706,4987.298265112347,500.0,521.8745791792064
2026-03-31 12:45:00,34.32761335096979,13.586288716192653,5146.298481588187,800.0,583.6468214443565
2026-03-31 13:00:00,34.55495639294955,14.123770798008419,4830.651181423196,900.0,588.5998267307724
2026-03-31 13:15:00,34.70947782601571,14.007870930907075,4784.885542771397,1000.0,604.5065045881314
2026-03-31 13:30:00,35.003521743683145,14.050613739222182,5044.859461436319,700.0,555.916675496191
2026-03-31 13:45:00,35.20580851207318,13.905045644755242,5120.1918569399795,400.0,512.6395483092581
2026-03-31 14:00:00,35.20879196781324,13.810470487371726,5066.506462619528,600.0,546.2208762422283
2026-03-31 14:15:00,35.57200159257086,14.24330571729882,4838.109254180535,1000.0,593.5241094488579
2026-03-31 14:30:00,35.60164073135541,14.42825683368427,5135.496968418279,800.0,577.0244686312656
2026-03-31 14:45:00,35.864592047629,15.008606476056354,4851.227814580873,800.0,559.0159758649157
2026-03-31 15:00:00,36.02158181556151,14.529650671281729,4895.692271042723,700.0,557.6269437826523
2026-03-31 15:15:00,36.07063997481491,14.776189905740543,4811.2092950556,500.0,526.4299277062906
2026-03-31 15:30:00,36.3423204045553,14.300883745719005,5260.231669730406,1100.0,610.0696552944631
2026-03-31 15:45:00,36.47762864550952,14.043135513267474,5126.68430820547,1000.0,599.8185177973949
2026-03-31 16:00:00,36.67063129199909,14.0358997985474,5120.998675135775,1100.0,610.0196787786756
2026-03-31 16:15:00,36.82852003046397,14.013871212972708,5249.44228422849,1000.0,591.4263893851061
2026-03-31 16:30:00,37.11233093058217,14.755578804813707,5562.529849647744,600.0,537.1710820670909
2026-03-31 16:45:00,37.12454395482142,13.736308838205467,4658.154779217969,600.0,531.1680909170267
2026-03-31 17:00:00,37.216729890519446,14.080624837225695,4852.324683824579,500.0,527.5823797127459
2026-03-31 17:15:00,37.3666065295726,13.385879847661197,4876.764983165095,1100.0,605.7993160467811
2026-03-31 17:30:00,37.42784116887964,13.74597634668757,4829.836075523462,800.0,575.6958161839284
2026-03-31 17:45:00,37.50350764474273,13.374618761135954,4784.483350479258,700.0,545.5481674565694
2026-03-31 18:00:00,37.21672412843667,12.988542536635311,2940.069387188927,0.0,445.46964067535197
2026-03-31 18:15:00,36.95392879638393,12.784434751569025,2756.679256942119,100.0,460.00317273427856
2026-03-31 18:30:00,36.77481456322752,12.347108577783908,3067.0084735074824,0.0,460.60117383099873
2026-03-31 18:45:00,36.56789337135609,12.411082765117218,3010.339664285723,100.0,467.64231956493273
2026-03-31 19:00:00,36.43751242343894,11.862456013080363,3096.205732952731,0.0,448.30612957964485
2026-03-31 19:15:00,36.23854618024098,11.342122856274175,3101.5456903276504,0.0,453.9897555285578
2026-03-31 19:30:00,35.97353161460147,11.02767611205629,3120.6013706853355,100.0,448.1424612213625
2026-03-31 19:45:00,35.82443980727017,11.15576208669035,2925.3182126352235,100.0,464.6549312828727
2026-03-31 20:00:00,35.675715922807505,11.263628298207506,3424.2286805267336,100.0,480.9801134224381
2026-03-31 20:15:00,35.402036708509186,10.518141335329101,3046.8862232964198,0.0,451.05877205122135
2026-03-31 20:30:00,35.064213227460584,10.110487581678996,2627.503049475041,0.0,450.5433053533547
2026-03-31 20:45:00,34.92707776070101,9.904836924272086,2799.5248508467566,0.0,454.38502703713755
2026-03-31 21:00:00,34.57265923412393,9.882368837351912,2651.899402194437,100.0,472.16484194651474
2026-03-31 21:15:00,34.35127208480395,9.227731990047813,3003.4669258302615,100.0,449.02026645688113
2026-03-31 21:30:00,34.08550752210803,8.711258161710337,2975.6389551893335,0.0,436.54138814567176
2026-03-31 21:45:00,33.81519696544638,8.841706690941995,2906.3148604201083,100.0,466.68233032868915
2026-03-31 22:00:00,33.38736007239509,8.317777945363574,1902.1852224801028,0.0,444.2809875048199
2026-03-31 22:15:00,33.06134423907874,8.334620594210447,1609.7965748153822,100.0,475.4962020977593
2026-03-31 22:30:00,32.55713863469794,7.620359697118477,1645.2196722892668,100.0,462.4786048809182
2026-03-31 22:45:00,32.25913494651008,6.897608492398874,1313.7853024115793,100.0,449.52375411429506
2026-03-31 23:00:00,31.563843732108467,6.5634019500762335,1300.1710217337975,0.0,439.855888665248
2026-03-31 23:15:00,31.12758465900317,7.188605135176211,1507.361099819391,100.0,443.0025918429554
2026-03-31 23:30:00,30.797113654924903,6.941670090037858,1534.6014279304452,0.0,448.1269957017367
2026-03-31 23:45:00,30.358292771095506,6.114863909904884,1128.7376865771087,100.0,463.4929269818849
2026-04-01 00:00:00,29.849860965940966,5.811901765999202,1463.9385954300933,0.0,446.6042983217448
2026-04-01 00:15:00,29.466093024431512,6.138441393009423,1502.814416574701,100.0,473.6310323122379
2026-04-01 00:30:00,28.914123588265767,5.157014445110864,1456.9701668457742,0.0,459.58815869213356
2026-04-01 00:45:00,28.531552715401524,5.026689115983919,1337.3219175306647,0.0,448.63689261315113
2026-04-01 01:00:00,28.098318805184903,5.3117597589181225,1392.092963615772,100.0,447.9224506601852
2026-04-01 01:15:00,27.653064712659305,4.8424502872018405,1464.628161285441,100.0,469.9382526439381
2026-04-01 01:30:00,27.36758641636237,4.820441760345194,1518.1600047220095,0.0,454.4428818280686
2026-04-01 01:45:00,26.884574001468668,4.653746909894704,1620.9583165101135,100.0,467.4751325612556
2026-04-01 02:00:00,26.590763535348056,4.70500244187355,1716.1712409901743,0.0,457.8518379944649
2026-04-01 02:15:00,26.26497974969523,4.947480840462307,1441.13045529455,0.0,440.6813752283117
2026-04-01 02:30:00,25.878116937115585,4.494792385210741,1408.7687607769285,0.0,466.0700430894811
2026-04-01 02:45:00,25.60716232272854,4.624282216032698,1587.5311347068612,0.0,442.32457797486506
2026-04-01 03:00:00,25.262323592430626,3.8007733651532445,1622.1689832821708,0.0,455.99378341760683
2026-04-01 03:15:00,24.94572541166103,4.407220886430318,1413.159913348223,0.0,436.50121844469317
2026-04-01 03:30:00,24.6324856383321,4.196120299859086,1658.0786953932345,0.0,442.5578825018396
2026-04-01 03:45:00,24.357780518674435,4.13180309029866,1695.9170682311947,0.0,462.13094917380266
2026-04-01 04:00:00,24.028157070149835,4.30323578144234,1758.3372931317347,0.0,447.9128014159932
2026-04-01 04:15:00,23.799341533936712,4.556238088299692,1855.6641813439646,100.0,471.7193808410624
2026-04-01 04:30:00,23.506799201617035,5.0411923989173,1326.7167722681122,100.0,466.89564310975396
2026-04-01 04:45:00,23.205020802523364,4.498110156224655,1502.7796418665023,0.0,449.1603347519986
2026-04-01 05:00:00,22.91706722119931,5.053905812661097,1502.2555393237321,0.0,460.91080259946153
2026-04-01 05:15:00,22.663347660435385,5.066576006079179,1480.3852862934984,100.0,463.1067294027848
2026-04-01 05:30:00,22.37883861401625,5.298318086353552,1370.1474160779728,100.0,450.7540951394922
2026-04-01 05:45:00,22.17872793477694,5.899107655591714,1202.8875993537858,100.0,458.57407926438634
2026-04-01 06:00:00,23.05660451901853,5.977354027022068,9018.535889205801,100.0,469.40953382961357
2026-04-01 06:15:00,23.89483235134853,6.449799469031511,8846.328868090417,100.0,468.1640728509001
2026-04-01 06:30:00,24.758412662712253,6.248888465046845,9017.198696149526,100.0,452.4635339981165
2026-04-01 06:45:00,25.548075330261746,6.3460345053690865,8841.191291660229,0.0,444.20525984473437
2026-04-01 07:00:00,26.45479747961204,6.759015445192765,8780.06833083113,0.0,445.346229206382
2026-04-01 07:15:00,27.236529311394303,7.180867376851738,9046.85967207538,0.0,447.0762432470862
2026-04-01 07:30:00,27.998943220626124,7.4523899785737955,9030.1843053613,0.0,438.9926912911876
2026-04-01 07:45:00,28.881008546153396,7.373479957018555,9115.856394264187,100.0,459.97303113504415
2026-04-01 08:00:00,29.654882815195645,8.032089814652418,9437.172753283525,100.0,459.17111611792376
2026-04-01 08:15:00,30.38537540069535,8.384985831309644,9055.457906242169,100.0,471.17226607809533
2026-04-01 08:30:00,31.291823800172125,9.387398083376697,9097.016353412826,0.0,456.47297048792194
2026-04-01 08:45:00,31.935164927884074,9.51353014338536,8784.487734226535,0.0,448.83351633528946
2026-04-01 09:00:00,32.03214591233126,9.014113293674779,4742.618511892725,800.0,566.8636816330342
2026-04-01 09:15:00,32.24078169448759,9.503369796427966,5316.565889354667,800.0,571.1193944963129
2026-04-01 09:30:00,32.40191454265327,9.468540003558786,4815.304044013339,700.0,548.4673991403554
2026-04-01 09:45:00,32.460826391079266,10.045443924345413,4791.211185706272,500.0,515.8253433426605
2026-04-01 10:00:00,32.557107801211856,10.628134888063698,4992.180215756689,800.0,562.4782303285942
2026-04-01 10:15:00,32.81103897240213,11.200356970783625,4981.961517324522,1100.0,609.9214946882283
2026-04-01 10:30:00,32.890370121368775,10.918033313941256,4819.498698711342,400.0,500.69220960166183
2026-04-01 10:45:00,33.16231308729118,11.230371621675303,4939.00535625738,1100.0,616.296476472503
2026-04-01 11:00:00,33.25802284776999,11.062709960728407,5245.875143530021,700.0,560.8377253902696
2026-04-01 11:15:00,33.29421792276199,11.927567116971913,4838.801278233641,800.0,557.303213593614
2026-04-01 11:30:00,33.55006293042639,11.915112831922588,4721.265503126766,500.0,525.2010296897282
2026-04-01 11:45:00,33.83220537574985,12.319337505972737,5188.518724179959,800.0,568.2405136378693
2026-04-01 12:00:00,34.001175745172986,12.445222896184506,5098.459382387608,500.0,527.7320694842945
2026-04-01 12:15:00,34.1753797610174,12.894871936573226,4875.896275870267,600.0,539.8964898551712
2026-04-01 12:30:00,34.15353053024891,12.594502536908081,4683.566596774616,900.0,573.3712057605469
2026-04-01 12:45:00,34.39954802975462,12.863290551627838,4851.075328712287,400.0,499.9008856091427
2026-04-01 13:00:00,34.51680326215046,14.105858737248862,4989.059112630146,700.0,555.2353886046798
2026-04-01 13:15:00,34.770460286224356,13.225896644499699,5233.134417976764,800.0,578.2302473579641
2026-04-01 13:30:00,34.836133613698514,13.40882523634479,4792.683605026069,500.0,507.286501031656
2026-04-01 13:45:00,35.058794877166925,14.394793711719341,4983.096023697705,600.0,542.7658126384126
2026-04-01 14:00:00,35.276646043324824,14.800727089962203,5135.02893197898,600.0,549.5169760423012
2026-04-01 14:15:00,35.44766050211259,13.64244689641959,4523.746531975616,900.0,583.7757929903503
2026-04-01 14:30:00,35.64124752496161,13.927057489636832,5206.75723358778,1100.0,619.4016199682115
2026-04-01 14:45:00,35.7489129643603,14.162292095947489,4763.509885558713,1000.0,594.3754473528176
2026-04-01 15:00:00,35.85377871450258,14.579269465101499,5066.399098691387,500.0,524.0450704057849
2026-04-01 15:15:00,36.062207324293325,13.743934297297184,5049.336629922149,400.0,497.0326918535348
2026-04-01 15:30:00,36.22240932933663,13.924282537129232,5216.917278292769,400.0,491.24525353264903
2026-04-01 15:45:00,36.470965150074775,14.167623063887028,5110.184876178708,800.0,577.5421264098022
2026-04-01 16:00:00,36.55802703696252,13.980318060441705,4524.541901654004,500.0,517.1200405782045
2026-04-01 16:15:00,36.65951558146525,13.631737457832086,4843.044150568801,500.0,521.3557772399726
2026-04-01 16:30:00,36.69955617509439,13.578770640129628,5027.641025870656,1000.0,588.9084619738385
2026-04-01 16:45:00,36.70382487374423,13.06091368780255,4961.004022776043,1000.0,588.720242375329
2026-04-01 17:00:00,36.87778242233935,13.237106012646978,5095.522145951354,1000.0,598.609298399243
2026-04-01 17:15:00,37.16331737739001,13.045189789823171,5157.873311133941,600.0,534.1633824469149
2026-04-01 17:30:00,37.18818553057704,12.993417899243568,5121.690347285936,800.0,573.0237679839576
2026-04-01 17:45:00,37.24717076874257,12.538759695883169,4957.145011489107,800.0,573.6203073518367
2026-04-01 18:00:00,37.09892614351076,12.61223016548438,2630.7325977759037,100.0,467.5667971705969
2026-04-01 18:15:00,36.85811180007917,12.524772642710719,2908.9037502290366,100.0,466.90880632742756
2026-04-01 18:30:00,36.59197066445675,12.003578086857226,3083.2736296277913,0.0,462.6221456394551
2026-04-01 18:45:00,36.32699673533358,11.785353724565384,2781.9105494899045,100.0,456.45924984764093
2026-04-01 19:00:00,36.13348882286441,11.406676882633612,3126.2549460243154,0.0,449.56052107037664
2026-04-01 19:15:00,35.95503845072463,11.090875819859045,3181.678659453461,0.0,459.0615185641567
2026-04-01 19:30:00,35.79535938251368,10.564956696032304,3025.3733952591683,0.0,460.1163184747043
2026-04-01 19:45:00,35.419633306582995,10.558676560291234,2387.244026737521,0.0,438.62589080524344
2026-04-01 20:00:00,35.167303587289375,10.10988933308399,2744.3823274576393,100.0,462.50115646675306
2026-04-01 20:15:00,35.03144952701522,10.436757452289223,3377.237831711216,100.0,475.8649687669381
2026-04-01 20:30:00,34.67562479327609,9.94629519066964,2890.6924413943243,100.0,469.0646328415925
2026-04-01 20:45:00,34.478308885545076,9.252657949525702,2603.1713553742006,0.0,451.5621042518382
2026-04-01 21:00:00,34.217195376657294,8.569130951864574,3247.0494776620544,0.0,448.25852245252275
2026-04-01 21:15:00,33.855048262571344,8.125399037665478,3002.6711183087345,100.0,461.92959259433803
2026-04-01 21:30:00,33.67178743752721,8.47887133553766,3220.988097791545,0.0,452.3057525047226
2026-04-01 21:45:00,33.48918452157719,7.865486175333296,3055.3917350438733,100.0,462.9810070001241
2026-04-01 22:00:00,33.1112007437217,7.59994779550488,1591.7118272424339,100.0,464.65937103164447
2026-04-01 22:15:00,32.61773895799663,6.60724829343145,1572.6018495429034,100.0,465.6287896489203
2026-04-01 22:30:00,32.18403642569338,7.090392713299866,1639.4976623841999,100.0,459.575427772052
2026-04-01 22:45:00,31.881498705204326,6.638154464532663,1955.4860897112196,0.0,454.2570349910515
2026-04-01 23:00:00,31.280852353457995,5.867773737085249,1694.2012671918376,0.0,473.31395718732335
2026-04-01 23:15:00,30.83685891104558,5.769164189368312,1183.932136430893,0.0,435.7841068853914
2026-04-01 23:30:00,30.419312086970592,5.711290479963271,1589.3323030557806,0.0,452.59210019351985
2026-04-01 23:45:00,29.956506974142716,5.382443999335031,1728.2961536206435,0.0,443.91847929104875
2026-04-02 00:00:00,29.587270180551865,5.027640347002533,1740.5401613072293,100.0,469.619220620154
2026-04-02 00:15:00,29.056231155986005,4.847915768088321,1414.67900338818,0.0,450.37245978662287
2026-04-02 00:30:00,28.809128975431705,4.583081259223752,1732.9888890376255,100.0,471.0948381923397
2026-04-02 00:45:00,28.30834433833337,4.50108707752201,1685.548479910241,100.0,474.40405261207025
2026-04-02 01:00:00,28.11262009745445,4.7111586094553655,2014.503487393946,100.0,466.5393689421455
2026-04-02 01:15:00,27.551813634443157,3.332596008898932,1349.9996527502976,0.0,459.05641830731344
2026-04-02 01:30:00,27.181275512253965,3.8835724066382955,1398.519884719915,100.0,446.2456168496906
2026-04-02 01:45:00,26.720771474537074,3.879345945076448,1438.7761903080093,0.0,462.7236183833282
2026-04-02 02:00:00,26.318918573568507,3.8071806020103804,1401.955569992245,0.0,453.0004972151387
2026-04-02 02:15:00,25.879509590093082,3.5194315225809305,1321.9958500472794,0.0,458.62274684596144
2026-04-02 02:30:00,25.445626601606666,3.037565455265214,947.4648988652514,0.0,440.2409940412678
2026-04-02 02:45:00,25.083384322730094,3.6177387066181153,1413.0601052553732,0.0,443.3538409471573
2026-04-02 03:00:00,24.70034489605231,4.0136236571820065,1573.871611939981,0.0,451.1675063531582
2026-04-02 03:15:00,24.362452991414575,3.032706160286884,1401.355630898818,100.0,464.86369688530027
2026-04-02 03:30:00,24.068771429069503,3.7707817491588713,1887.0762367058219,0.0,452.2645487040799
2026-04-02 03:45:00,23.886654796943315,3.4530311487114025,1502.6751625431725,0.0,458.67612128743974
2026-04-02 04:00:00,23.48988210149008,3.5941063264223616,1758.205811036827,100.0,450.8782374775772
2026-04-02 04:15:00,23.2654876036231,3.3781915529925843,1552.2840825459937,100.0,472.79055257373847
2026-04-02 04:30:00,22.905633530760895,3.695518752874077,1665.2814619786516,100.0,465.06625527966344
2026-04-02 04:45:00,22.662939658504794,4.307408149297,1555.8483107867125,0.0,448.3697451110036
2026-04-02 05:00:00,22.355802794571563,4.232898121327901,1773.7569263807127,100.0,453.2310781249209
2026-04-02 05:15:00,22.152060014080895,4.737010137361098,1511.1878700264801,100.0,469.0243893470149
2026-04-02 05:30:00,21.9573838426317,4.747524978350592,1599.2241416177571,0.0,430.68713719175173
2026-04-02 05:45:00,21.800086937808405,4.719966910160531,1573.2665867300088,0.0,455.1871520899097
2026-04-02 06:00:00,22.618432392369535,5.3214278528520715,8942.342908374536,100.0,453.0631533162161
2026-04-02 06:15:00,23.555537285269306,5.15506255045807,9080.996463784935,0.0,450.4276633009398
2026-04-02 06:30:00,24.437618480486147,5.510967280680036,9446.877249239536,0.0,449.04664930137665
2026-04-02 06:45:00,25.30528915346307,5.4258130318657685,8945.920611580912,100.0,474.3563051783511
2026-04-02 07:00:00,26.047860252139177,5.798831155502134,9083.89297857065,100.0,463.57075864788885
2026-04-02 07:15:00,27.00121631806693,5.844404361384871,9251.555790173888,100.0,459.4468915108347
2026-04-02 07:30:00,27.683768598011227,6.634717353510112,9228.050656188856,100.0,460.9471784322304
2026-04-02 07:45:00,28.431096666875604,6.2767333315375256,9002.343283543873,100.0,475.1830621500373
2026-04-02 08:00:00,29.102764703691516,7.164173276476957,8523.322259408527,0.0,454.29037575344717
2026-04-02 08:15:00,30.04136435294884,7.17703858197106,9103.340563729693,0.0,446.9149601478147
2026-04-02 08:30:00,30.645170716633235,7.894532455270016,8556.10514827539,100.0,463.1084286402839
2026-04-02 08:45:00,31.362924879900266,8.080121001641254,9293.987446188246,0.0,437.46258327531643
2026-04-02 09:00:00,31.583283233495273,8.714140561449002,5033.894774238652,900.0,588.1077936068124
2026-04-02 09:15:00,31.71685924016697,8.70025084848365,5199.934803974398,900.0,570.9214743384363
2026-04-02 09:30:00,31.87172630449907,8.321064297083712,4819.577772363789,800.0,576.0143717266836
2026-04-02 09:45:00,31.785555588330684,9.081441445605053,4689.498505339989,1000.0,601.0289727399302
2026-04-02 10:00:00,31.989776339996755,9.054588208113795,5052.150876828234,1100.0,634.0956143965914
2026-04-02 10:15:00,32.1207631015184,9.54981806765114,4993.279312008772,800.0,561.1989155702056
2026-04-02 10:30:00,32.1927470898392,10.450891362664255,4901.691834768567,700.0,554.178703271675
2026-04-02 10:45:00,32.505697783051254,10.47280288959062,5016.932256146552,400.0,524.3863016073846
2026-04-02 11:00:00,32.67215570451029,10.346407662840864,5553.487178406452,1000.0,609.5311171223314
2026-04-02 11:15:00,32.896745592481956,10.515805339579694,5166.9051094738115,1100.0,609.4303035873608
2026-04-02 11:30:00,33.16864100001208,11.081690072552835,5209.899721172664,900.0,586.7917394269875
2026-04-02 11:45:00,33.20908889617929,10.945785793541765,5168.787378310672,1000.0,600.0159948513207
2026-04-02 12:00:00,33.40625838404709,11.334191822713763,5295.8924287704385,1000.0,602.2556469391533
2026-04-02 12:15:00,33.592497020790894,11.8387771160045,4961.985665419851,1000.0,594.4105565121214
2026-04-02 12:30:00,33.74763469052449,12.285312012641832,4589.047738464941,800.0,569.2854367783941
2026-04-02 12:45:00,33.83424113473743,12.297907118766252,4962.282773398798,400.0,497.2155809977863
2026-04-02 13:00:00,34.00161753227655,11.586653374928275,5162.3471419993,400.0,511.08098761494466
2026-04-02 13:15:00,34.22381753232581,12.505574431146217,4806.039920976985,500.0,528.6001653873747
2026-04-02 13:30:00,34.34886374106496,12.55690206367042,4964.726809902134,700.0,553.1806446988489
2026-04-02 13:45:00,34.372608235764666,12.76071303924212,4861.646051399537,900.0,572.0795928753217
2026-04-02 14:00:00,34.63132696714155,13.202396895561066,5300.4058503686265,700.0,562.9082549028117
2026-04-02 14:15:00,34.92953650053966,12.158879131580859,5149.891403081313,400.0,512.9162003039424
2026-04-02 14:30:00,35.042051258519244,12.639847866632294,5130.308124128792,500.0,519.1918792183922
2026-04-02 14:45:00,35.15590624723393,13.012563718039681,5124.320262624195,1100.0,612.7551964252955
2026-04-02 15:00:00,35.316024108747754,12.357574966008857,4992.550149489574,1100.0,602.9946447777453
2026-04-02 15:15:00,35.48298628713649,13.25020337943648,5039.511256505501,700.0,546.7967189777768
2026-04-02 15:30:00,35.62168428845102,12.87194200234917,4762.963083893536,1000.0,595.6975092291428
2026-04-02 15:45:00,35.589221205126805,12.948216088465925,4562.7116042498865,900.0,594.8273664982412
2026-04-02 16:00:00,35.74088000574327,12.434782633724542,5030.016226069005,1100.0,609.8839728729002
2026-04-02 16:15:00,35.93233162411253,12.7413580094776,5064.798051254429,1100.0,620.1217092746301
2026-04-02 16:30:00,36.07063171587274,12.688679794396041,5241.852913685076,900.0,580.6934703771074
2026-04-02 16:45:00,36.25704922540209,12.289152154234632,5314.267163216474,700.0,556.983580486815
2026-04-02 17:00:00,36.311238940594926,12.12157987598743,5313.999696999789,900.0,583.8688359828495
2026-04-02 17:15:00,36.45029387922387,11.94581555027305,4800.395281341224,600.0,546.9844528007419
2026-04-02 17:30:00,36.549759423710285,11.40138514934984,4929.546993010046,600.0,535.7215092942515
2026-04-02 17:45:00,36.605062194041196,11.394846754985856,5096.066859176276,800.0,557.4197739999805
2026-04-02 18:00:00,36.429313925602884,11.155995745262558,3506.3809355484354,0.0,438.94440774909094
2026-04-02 18:15:00,36.22984536465554,11.064307290929849,3296.0198407427833,100.0,460.74498004845793
2026-04-02 18:30:00,35.99732822439897,10.982686306003234,3223.8794323996763,0.0,440.00752023457557
2026-04-02 18:45:00,35.776604615762004,10.08562562325365,2922.442408890142,0.0,453.2816961254364
2026-04-02 19:00:00,35.57625344065837,10.074268723250345,2823.360073768975,0.0,446.2738546811354
2026-04-02 19:15:00,35.301774313390254,10.254121636841946,3157.781576676648,100.0,483.9968524002114
2026-04-02 19:30:00,34.98115962885487,9.275087426044406,2779.867747153128,100.0,451.0982832389029
2026-04-02 19:45:00,34.742851914124756,8.931810567649416,2952.3127298039394,100.0,466.6290654296784
2026-04-02 20:00:00,34.52934878589048,8.912654321445606,2977.0444101996154,100.0,455.97637581195465
2026-04-02 20:15:00,34.30591496031976,8.773252049561815,3318.5824178245616,0.0,446.0527892769386
2026-04-02 20:30:00,34.08606897557187,8.187201125849992,2929.0605394080644,0.0,451.1313557867243
2026-04-02 20:45:00,33.771960513649105,8.24354462532707,2512.150072285477,0.0,431.3970290010057
2026-04-02 21:00:00,33.55699086531956,7.761619601837208,3100.888929532494,0.0,451.89460893430424
2026-04-02 21:15:00,33.31185329515508,7.416895696219404,2860.1956293792146,0.0,465.2232596981933
2026-04-02 21:30:00,33.03647187491881,6.991797692419127,3008.5262048875493,100.0,461.37249361305123
2026-04-02 21:45:00,32.694132834091036,7.1879120210297165,2982.659059831575,100.0,467.07846285444407
2026-04-02 22:00:00,32.199780058742945,6.096344731277991,1445.2592008364463,100.0,473.1993735450032
2026-04-02 22:15:00,31.76692467561542,5.230703119723996,1658.0681163569407,100.0,463.688371999784
2026-04-02 22:30:00,31.23810939133043,5.99383399808206,1193.4270243294586,100.0,460.3523184917481
2026-04-02 22:45:00,30.712599566332983,5.064289470776182,1396.597155009128,0.0,431.794108770226
2026-04-02 23:00:00,30.30140221637043,4.9325260968233,1636.8075826234763,100.0,470.12792575515977
2026-04-02 23:15:00,29.82905104305223,5.002347654956154,1377.1830449311265,100.0,464.0946527221688
2026-04-02 23:30:00,29.30087577823239,3.8500738184967274,1178.2386581460057,0.0,441.8985291888947
2026-04-02 23:45:00,28.877309625780565,3.689615474364818,1633.7110686513472,0.0,451.01277368222156
2026-04-03 00:00:00,28.5263708926511,3.333257104255269,1724.6189260883077,100.0,460.33055714555053
2026-04-03 00:15:00,28.028680829817688,3.3391270402689837,1491.0009584713987,0.0,445.7725909510758
2026-04-03 00:30:00,27.65282323275216,3.489141816649005,1107.8308803060936,100.0,469.8503292488697
2026-04-03 00:45:00,27.1355115219793,3.3114354946297992,1641.1939493397633,100.0,454.29294070940927
2026-04-03 01:00:00,26.64401041341083,3.0518522924667804,1168.0224237160623,0.0,458.3785222885901
2026-04-03 01:15:00,26.243061538591746,2.3785347130054855,1561.7598553696332,0.0,438.8185106950528
2026-04-03 01:30:00,25.804589428147263,1.961992975795913,1322.507235051568,0.0,444.6983887331579
2026-04-03 01:45:00,25.381891525986564,2.5438340121020713,1268.032142846607,0.0,465.3835695525326
2026-04-03 02:00:00,25.058017193175893,2.2788380584631582,1411.617996584062,0.0,459.0188380931394
2026-04-03 02:15:00,24.529576539344937,2.471776311629037,1463.340488714548,100.0,465.78083193996355
2026-04-03 02:30:00,24.22919633947251,2.4792023702860693,1371.1583499227104,0.0,442.47575827599024
2026-04-03 02:45:00,23.85211899750525,2.266039688013371,1617.74065564303,0.0,445.76582154640084
2026-04-03 03:00:00,23.401581036552443,2.429991810839751,1410.7861243082332,0.0,450.58620251668555
2026-04-03 03:15:00,23.20464995163555,2.2695804584334685,1696.0381743343644,100.0,465.30018585871676
2026-04-03 03:30:00,22.906095545073043,2.380137345984581,1556.2346331286958,0.0,449.2730325629923
2026-04-03 03:45:00,22.447341439039057,2.0513162695934803,1360.4885586807384,0.0,449.75333988732655
2026-04-03 04:00:00,22.147511718396675,2.2715073573097877,1326.8120232335427,100.0,463.28499912235907
2026-04-03 04:15:00,21.71066311435487,2.4678512262481274,1170.5007401905123,0.0,438.4641701148799
2026-04-03 04:30:00,21.457432064643672,2.758753935799083,1558.1466355733644,0.0,445.86791406271334
2026-04-03 04:45:00,21.278071458448096,2.5181068898325734,1429.0824905497284,0.0,457.3169924318948
2026-04-03 05:00:00,20.866897484227664,2.9354928794371893,1025.5608943872971,0.0,439.0533256195911
2026-04-03 05:15:00,20.560633395828493,2.8609246639650525,1392.85702544612,0.0,448.4835559076858
2026-04-03 05:30:00,20.355856251269675,3.0848285048323043,1319.7931941490097,100.0,458.44196856983325
2026-04-03 05:45:00,20.139919609528224,3.565427853347909,1815.135518434132,0.0,450.89080343518486
2026-04-03 06:00:00,20.964925441696217,2.9313132799629154,8659.444277621338,0.0,446.8909345514655
2026-04-03 06:15:00,21.8453259379376,3.3681704019432397,8711.729840053189,0.0,461.81914931979736
2026-04-03 06:30:00,22.628805286482027,3.554537004824038,9221.99392862114,100.0,469.052665233522
2026-04-03 06:45:00,23.5040515959435,3.5543060236343664,9271.352631492793,100.0,454.5055746737823
2026-04-03 07:00:00,24.354615209801345,4.318089551036266,8851.003412254871,0.0,455.3698240929096
2026-04-03 07:15:00,25.19388218972165,5.024367996173213,8873.582835438217,0.0,443.8027851499035
2026-04-03 07:30:00,26.020891158503,5.001597751331773,9123.247079310662,0.0,445.38402902897974
2026-04-03 07:45:00,26.642247564914427,5.442206066341163,8534.580040610937,0.0,452.51055216085695
2026-04-03 08:00:00,27.44877959743053,6.012410916844255,8627.761263098888,0.0,446.06602064215895
2026-04-03 08:15:00,28.126663854405454,6.392358840547313,8943.853319829857,0.0,457.14284653058365
2026-04-03 08:30:00,29.05214101019907,6.285986074439088,9309.978113225825,100.0,458.80391950789283
2026-04-03 08:45:00,29.638929205320697,7.028363316087466,8912.853982366652,0.0,445.0484275792691
2026-04-03 09:00:00,29.899532049927686,6.966977825750412,5020.187358347031,500.0,519.7490328516151
2026-04-03 09:15:00,29.965702525558072,7.005265364530159,5226.757854512803,600.0,535.4748900131597
2026-04-03 09:30:00,30.299359096503423,7.394002985636447,5421.37694665563,600.0,548.7935324443825
2026-04-03 09:45:00,30.344925612262998,7.441300173260096,4884.630305370338,1000.0,605.0303703488825
2026-04-03 10:00:00,30.407656511632922,7.928077261647767,4996.632655253315,600.0,553.6795516320966
2026-04-03 10:15:00,30.63838421073285,8.39072331434606,5364.411044268569,1100.0,633.141153631194
2026-04-03 10:30:00,30.822310207934482,9.036029420314282,4695.560144961714,1000.0,591.7542637445413
2026-04-03 10:45:00,31.041966079390363,9.599914689226335,5205.516214110764,1100.0,615.5633530186183
2026-04-03 11:00:00,31.10847942221962,8.94838796066871,4796.3368935277485,400.0,500.59039746685255
2026-04-03 11:15:00,31.288179604553356,9.749643341843575,5020.494473420631,1100.0,608.7791525780138
2026-04-03 11:30:00,31.478338345625126,9.576589610437448,4951.476190519945,800.0,564.9593399179546
2026-04-03 11:45:00,31.594804745264785,10.275186536585199,4808.397679859754,1100.0,606.5427610068938
2026-04-03 12:00:00,31.667939983120345,10.323460687024376,4803.379614468345,600.0,531.5849018168127
2026-04-03 12:15:00,31.861942492269872,10.028487030958415,5055.282872850751,1100.0,613.845724971838
2026-04-03 12:30:00,32.128431361833165,11.055225788489869,5199.107865632536,800.0,560.2662526529087
2026-04-03 12:45:00,32.345121374583115,10.777332119632732,4974.052759362299,400.0,516.737015673101
2026-04-03 13:00:00,32.53921452603684,10.963060277760125,5014.022631746643,700.0,547.6579717006599
2026-04-03 13:15:00,32.681259674779746,10.9482658816759,5114.234813258209,500.0,547.4765517607711
2026-04-03 13:30:00,32.79665278533165,11.199771376111277,4805.676245397408,1100.0,611.3889243922848
2026-04-03 13:45:00,33.01816063480405,11.631614221682653,5147.9385016825845,600.0,540.5761411353365
2026-04-03 14:00:00,33.140271961658655,11.533497667690426,5163.868619411949,500.0,514.6372705242717
2026-04-03 14:15:00,33.41242058958257,11.755320584247078,5520.725259750082,800.0,583.6487340650211
2026-04-03 14:30:00,33.53206607869369,11.810859220038074,4924.779161888084,700.0,563.9560054464233
2026-04-03 14:45:00,33.66583175013708,12.122923954109462,4908.383639666375,400.0,512.3753269658889
2026-04-03 15:00:00,33.91892388298834,11.62707785589826,5153.793174314749,1000.0,589.2255796097635
2026-04-03 15:15:00,34.07280358198386,11.268744864987724,5163.820833782428,1000.0,601.685335021797
2026-04-03 15:30:00,34.2340962056225,11.992604198623868,4892.982569324658,900.0,576.028551631862
2026-04-03 15:45:00,34.35069271667603,11.512511008038363,4919.36746461399,800.0,581.6988421077868
2026-04-03 16:00:00,34.49323719494538,11.864968759141895,5108.226167643608,700.0,561.4735578548253
2026-04-03 16:15:00,34.6133811870227,11.543670076225899,4834.483151853067,800.0,570.7635123079019
2026-04-03 16:30:00,34.69005913543755,11.2672212706323,4917.893202396997,800.0,550.5089946940215
2026-04-03 16:45:00,34.8315019857054,11.269434685311952,5017.918553473687,500.0,517.1326721707278
2026-04-03 17:00:00,34.92539953321108,11.589257696703168,5199.187736964452,400.0,515.502089052799
2026-04-03 17:15:00,35.07588029574438,11.447773766260543,4879.080276764092,600.0,549.7030695337852
2026-04-03 17:30:00,35.12602759814999,10.648533728130593,4631.5231075938655,700.0,563.8733584919371
2026-04-03 17:45:00,35.08622932195859,10.461947103090976,4616.680506496357,500.0,512.2638959820683
2026-04-03 18:00:00,34.87335402907537,10.506952651319025,2748.1173866587733,0.0,452.4124184545032
2026-04-03 18:15:00,34.573790901688206,9.68555142027492,2737.3664563600123,100.0,473.12412173186345
2026-04-03 18:30:00,34.356751426951526,9.780341540710765,2969.0778482760184,0.0,436.733315475342
2026-04-03 18:45:00,34.070126681487416,9.400917413119878,2762.223969280479,100.0,464.93676387701413
2026-04-03 19:00:00,33.94934789580912,9.2193290796323,2859.449008035759,100.0,467.1907391864676
2026-04-03 19:15:00,33.686316579736676,8.58104113010022,2845.18282300359,100.0,462.59388332122614
2026-04-03 19:30:00,33.40936406143404,8.050727615065828,2911.8984278304015,100.0,450.1827051567904
2026-04-03 19:45:00,33.277257061832316,7.59417652773296,3264.5008663046247,0.0,447.39441511941016
2026-04-03 20:00:00,32.95037651166724,7.562569368649417,3132.3895178861035,100.0,462.3815565579598
2026-04-03 20:15:00,32.8759729273722,7.436475614156942,3003.225883055201,100.0,463.81542076361796
2026-04-03 20:30:00,32.462294737557755,7.158359797289632,2907.7947438838323,0.0,445.49222859659943
2026-04-03 20:45:00,32.25224102177783,7.4970539716772,2913.3534686753956,0.0,446.45590277406825
2026-04-03 21:00:00,31.998685788411,6.915973015509638,3065.5492939903897,100.0,464.6823497412242
2026-04-03 21:15:00,31.804398330667087,5.963961824704139,3116.833814670458,0.0,453.5396368397577
2026-04-03 21:30:00,31.55849165555764,6.02684035462576,2818.47649877988,0.0,447.5645858971467
2026-04-03 21:45:00,31.262309039485547,5.473262234929918,3007.2961511228464,100.0,461.722808573056
2026-04-03 22:00:00,30.823938079708935,5.187236414396157,1093.6760862673946,100.0,465.73883230603565
2026-04-03 22:15:00,30.290056700316487,5.010969941381221,1542.3427568341194,0.0,434.63267259283856
2026-04-03 22:30:00,29.858291483275927,4.830958190349521,1652.4298483917373,100.0,468.81628101781166
2026-04-03 22:45:00,29.330980312382486,4.24158347201663,1443.986274623825,0.0,449.99549522301635
2026-04-03 23:00:00,29.006978350523212,4.370266720386707,1863.305399228021,100.0,465.3175482127805
2026-04-03 23:15:00,28.494399784956826,3.427112083875877,1323.75231051279,100.0,472.6858744607557
2026-04-03 23:30:00,28.03317505461164,3.5021997224849915,1543.4880830606523,0.0,434.377475759614
2026-04-03 23:45:00,27.605290968741837,4.023365899746756,1492.835050666809,0.0,434.2093290411283
2026-04-04 00:00:00,27.342073247413612,3.068998148582109,1479.9404665113184,100.0,467.19043076258816
2026-04-04 00:15:00,26.7745024846178,3.2053165651969575,1477.1355663990505,0.0,449.9430651589719
2026-04-04 00:30:00,26.295452421547036,2.592311833149314,1521.4210060018943,0.0,451.36141554553546
2026-04-04 00:45:00,25.945874341989274,2.545707146481368,1669.5917486927399,0.0,446.3029833986204
2026-04-04 01:00:00,25.606925446382274,2.1789883129100667,1775.5472472549488,100.0,470.31482939391947
2026-04-04 01:15:00,25.229515939068147,1.9881213649772653,1499.5499510991685,0.0,457.46111074392894
2026-04-04 01:30:00,24.849121591466805,1.6679510906485864,1663.0632144343267,100.0,468.8718583516122
2026-04-04 01:45:00,24.44618925356181,1.9133486370842805,1359.6466107466435,100.0,462.91337233276334
2026-04-04 02:00:00,24.012599205900887,1.4316634724612354,1653.1910905452467,0.0,433.1384848990848
2026-04-04 02:15:00,23.669004128989286,1.8104774808732085,1347.601695234602,100.0,471.153889664297
2026-04-04 02:30:00,23.282504065782934,1.8811945024040053,1718.1319872176264,100.0,474.77382932974075
2026-04-04 02:45:00,23.00482991873268,1.63173192018878,1942.1281754786478,0.0,455.15646729587183
2026-04-04 03:00:00,22.6325791189126,1.4235570650934286,1475.5832224057217,100.0,457.96286058105994
2026-04-04 03:15:00,22.216094771171015,1.6548216213589835,1061.4913018385182,0.0,455.39035514934204
2026-04-04 03:30:00,21.97990546099829,1.4567256580553234,1390.3854133510354,0.0,456.8842376636916
2026-04-04 03:45:00,21.685612454888094,1.882045494446964,1746.3750268578606,0.0,462.4705299823927
2026-04-04 04:00:00,21.39158692096419,1.1251433475183512,1610.615357405049,100.0,457.99112060617637
2026-04-04 04:15:00,21.049962219826046,1.6678787572309735,1549.782719735006,100.0,463.1883633236469
2026-04-04 04:30:00,20.812239246659328,1.285718516379642,1701.733671190968,0.0,455.97817640914764
2026-04-04 04:45:00,20.410075381598794,1.5687569089590552,1596.8906878496844,100.0,465.45928057150525
2026-04-04 05:00:00,20.32201201545542,2.580080592839382,1743.5450374902273,100.0,456.0613791835898
2026-04-04 05:15:00,20.06628841031112,2.611797493504201,1683.884735329397,100.0,468.3169302802136
2026-04-04 05:30:00,19.883252048310634,2.3176514871892677,1804.3400905473918,100.0,469.6292930705213
2026-04-04 05:45:00,19.635683212907992,2.290115491883535,1571.7592167812509,0.0,450.703703170648
2026-04-04 06:00:00,20.458775870341203,2.075107442714767,9181.051880298792,100.0,466.75667941743956
2026-04-04 06:15:00,21.290752429667055,3.040287838210556,8938.574585382843,0.0,447.93035278651416
2026-04-04 06:30:00,22.186451440261838,4.182579617261498,8879.707837688198,0.0,461.8262314857285
2026-04-04 06:45:00,23.14343254227125,3.8532041767665044,9341.353528083795,0.0,442.7944625302986
2026-04-04 07:00:00,23.974379737338346,3.833177257002555,9043.240935264537,100.0,460.30143389788975
2026-04-04 07:15:00,24.707513001972043,4.429719477445745,9160.976113172475,100.0,465.0878841082202
2026-04-04 07:30:00,25.51222525211162,4.120655109749493,9024.748002882277,0.0,457.03163222160714
2026-04-04 07:45:00,26.286823176813215,4.806817279816997,8882.696869816007,0.0,438.02101463924373
2026-04-04 08:00:00,27.075756626074135,5.239942320620347,9002.196578516481,0.0,439.51762600187647
2026-04-04 08:15:00,27.8248406683123,5.504025953196615,9287.198803553543,100.0,448.69817193812224
2026-04-04 08:30:00,28.589440518338634,6.091162756995066,9111.048014855885,0.0,450.26156180202616
2026-04-04 08:45:00,29.304656801723855,6.284304485479493,8657.705368053908,100.0,456.0535534623476
2026-04-04 09:00:00,29.48066571473058,6.709929490592535,4956.951108684769,0.0,446.92359911985665
2026-04-04 09:15:00,29.60148562724079,6.631571075692116,5356.458758540943,0.0,455.29102551913365
2026-04-04 09:30:00,29.79629734699922,7.434808291562707,4957.240627630009,100.0,459.86765823373725
2026-04-04 09:45:00,29.96034533015777,7.978861006363171,4639.904261653164,0.0,451.8502561819469
2026-04-04 10:00:00,30.04194761995582,7.519804130279486,5378.609777084509,0.0,447.60529673798624
2026-04-04 10:15:00,30.264238879180393,7.859797506673982,5136.478501962559,0.0,455.3769145207715
2026-04-04 10:30:00,30.49257815573875,8.835345934944165,4985.99742823744,100.0,468.8010245387841
2026-04-04 10:45:00,30.569641205625217,8.677647602076457,4925.716452783587,0.0,444.46453043060313
2026-04-04 11:00:00,30.770642635879085,9.447296707770034,5216.470385958347,0.0,448.65078597279637
2026-04-04 11:15:00,31.005350293146545,9.17391253092551,4891.603319954762,0.0,458.349947181764
2026-04-04 11:30:00,31.148129122610744,10.011943299078345,5229.651284903198,100.0,468.14701496203276
2026-04-04 11:45:00,31.407466279664813,9.870726071151973,5108.439057144851,100.0,453.82430353799094
2026-04-04 12:00:00,31.556112434484504,10.15061068465681,5048.93638509747,100.0,470.24494448937105
2026-04-04 12:15:00,31.70863381986701,10.769407301164208,5029.102961067119,0.0,441.3231150205101
2026-04-04 12:30:00,31.916517434947362,10.402340707042837,4965.006392657165,100.0,476.30010455968807
2026-04-04 12:45:00,32.107536876203426,10.422556149551845,5209.128024041853,0.0,458.1927907187282
2026-04-04 13:00:00,32.28831091913876,10.746669017080084,4826.931433579633,100.0,467.3190838073472
2026-04-04 13:15:00,32.34073212312121,11.174868361133225,4675.614974633958,100.0,466.2578627474895
2026-04-04 13:30:00,32.55137013805385,10.70829395798463,5122.888024578495,100.0,463.32774195178064
2026-04-04 13:45:00,32.74384849448821,11.488461491343278,5126.2476656134295,100.0,470.42819161120025
2026-04-04 14:00:00,32.96325108920931,11.234638527480808,5096.048230502353,100.0,462.0337746443035
2026-04-04 14:15:00,33.06650257985762,11.819107516151877,5081.545673923608,0.0,451.88455896511914
2026-04-04 14:30:00,33.304946631768054,10.814104995389641,4935.891924332491,100.0,471.97547493215563
2026-04-04 14:45:00,33.456735429863855,11.332929689419108,5157.496540877105,100.0,460.50554765179527
2026-04-04 15:00:00,33.510675433675985,11.078234559167218,4990.888374649092,100.0,460.07045808007445
2026-04-04 15:15:00,33.76987058551265,11.33029475308146,4902.577287836964,100.0,455.44507615420434
2026-04-04 15:30:00,33.963599134846184,11.625210389385735,4937.6217375489205,0.0,441.48421803099063
2026-04-04 15:45:00,34.10496881680041,11.448785003939324,5404.127939755166,100.0,450.37283750846797
2026-04-04 16:00:00,34.21020383553395,11.35730523779463,4653.004783590914,0.0,455.8386303121242
2026-04-04 16:15:00,34.28937028833087,11.295769418076048,5099.95762085916,100.0,479.47131633666214
2026-04-04 16:30:00,34.27985407365955,11.294594835975488,4664.177914475256,100.0,476.40263154776244
2026-04-04 16:45:00,34.379835662217374,10.801411215870543,4978.353332335405,0.0,436.99132409098786
2026-04-04 17:00:00,34.59111816556638,11.167338527386946,4913.274502969162,100.0,470.7988373724496
2026-04-04 17:15:00,34.59857130479226,10.986972955036391,4582.994340664024,100.0,476.3768507993885
2026-04-04 17:30:00,34.697008414601065,10.71889136663469,5077.807518086753,100.0,461.3455201540907
2026-04-04 17:45:00,34.82434992554628,10.568679724825046,4923.9923875615605,0.0,450.8115794452004
2026-04-04 18:00:00,34.586011325679166,10.273006004321706,2580.158731487751,0.0,433.93685559356265
2026-04-04 18:15:00,34.31227208975953,10.561941954020632,3167.9136181548506,100.0,467.1338893438131
2026-04-04 18:30:00,34.190775015306876,9.678631579862435,3287.001235597787,100.0,456.4915221645223
2026-04-04 18:45:00,34.11455353557148,9.353057745629332,3298.0248684593143,100.0,466.5970801432921
2026-04-04 19:00:00,33.771498656225106,8.947768635635871,3071.791288130294,100.0,452.51037662248893
2026-04-04 19:15:00,33.64164991662551,8.58220285935628,3009.211627715423,0.0,454.3428657958208
2026-04-04 19:30:00,33.3813663852661,8.227240492681995,3265.6313241791595,100.0,473.19610140341354
2026-04-04 19:45:00,33.250815186631556,8.034564427342161,3336.4767170680198,0.0,443.73456110627865
2026-04-04 20:00:00,33.083303325539525,7.973853005340326,3226.713740575125,100.0,455.90461934871655
2026-04-04 20:15:00,32.80912557984972,7.783771206281343,2811.69247955404,100.0,447.75181565960014
2026-04-04 20:30:00,32.59113020812728,7.383186745449131,3040.268970642984,100.0,462.8686917273986
2026-04-04 20:45:00,32.25977730410586,6.819862656770228,3087.9032288582857,100.0,460.34724852574715
2026-04-04 21:00:00,32.089033327565055,6.999969070363562,2638.076606216554,0.0,437.59184470121556
2026-04-04 21:15:00,31.7719333533124,6.632238996797565,3093.872131924155,0.0,453.62415005049735
2026-04-04 21:30:00,31.652320087473434,6.044532903663507,3454.5983651958777,0.0,446.4002369450828
2026-04-04 21:45:00,31.421026436797426,5.581469128066129,3127.987233160158,100.0,456.39411233083814
2026-04-04 22:00:00,31.011302586096,5.631074989262345,1794.6826162883513,0.0,445.5634207548764
2026-04-04 22:15:00,30.544837004516918,5.217791191728675,1536.582946025741,100.0,473.57043631143694
2026-04-04 22:30:00,30.010371259183355,4.428803356911148,1485.3563352032356,0.0,454.8234955500418
2026-04-04 22:45:00,29.539066227191196,4.552990369509034,1576.254278016195,0.0,448.9597915080121
2026-04-04 23:00:00,29.17579438943695,4.371714073972313,1336.8346704031135,0.0,454.9528401477188
2026-04-04 23:15:00,28.658881463499924,3.753724670918289,1307.2449625531224,0.0,440.7127043489061
2026-04-04 23:30:00,28.30518265920742,3.823115862370777,1753.2609114338732,0.0,450.25896080581623
2026-04-04 23:45:00,27.837793037668504,3.085383920240105,1774.4684685733037,0.0,451.17857864389174
2026-04-05 00:00:00,27.319167521462028,3.6925747003688687,1301.77873688253,100.0,461.24130793201016
2026-04-05 00:15:00,27.050689608231316,3.451234292668835,1693.5997609107728,100.0,468.48366668765937
2026-04-05 00:30:00,26.55862348123065,2.8024237453940404,1482.6080048787958,100.0,458.7565323628444
2026-04-05 00:45:00,26.193046196277493,2.805632176106586,1567.961714898086,0.0,454.0785656622089
2026-04-05 01:00:00,25.730104363398496,1.8099388066196636,1592.0437278870127,100.0,469.41487017225035
2026-04-05 01:15:00,25.464202034422943,2.0409722830384927,1698.8700936248638,100.0,441.6627209544235
2026-04-05 01:30:00,24.944364893279218,2.1740054140731777,1516.5436403726378,100.0,474.52244562808096
2026-04-05 01:45:00,24.61826825403454,1.8346404403489944,1782.0323990603872,0.0,425.61893947717795
2026-04-05 02:00:00,24.27628303490945,2.2851120055991156,1561.882567951985,100.0,460.071607795551
2026-04-05 02:15:00,23.87962042040434,2.605272074157205,1624.8368544939065,100.0,473.202784274062
2026-04-05 02:30:00,23.553378225512265,1.6094834074979665,1333.3474816925507,0.0,447.46170619798045
2026-04-05 02:45:00,23.321329380958016,1.6889355481091062,1931.731802140967,0.0,438.2705121402437
2026-04-05 03:00:00,22.88654549903896,2.0099743387131577,1593.9649846409932,100.0,456.2501035062666
2026-04-05 03:15:00,22.628684355864348,2.443343423724231,1642.59948506902,0.0,458.215245970565
2026-04-05 03:30:00,22.087136874999064,1.6354218153261644,1178.3628377576918,0.0,434.6279637556109
2026-04-05 03:45:00,21.885279655821886,2.1402890456235775,1335.45959538418,100.0,474.03192880769615
2026-04-05 04:00:00,21.618986225957823,2.6965014171422124,1747.576737583746,0.0,449.5591832076617
2026-04-05 04:15:00,21.294756022068466,1.7598879763451059,1557.378223658521,0.0,440.46083735646056
2026-04-05 04:30:00,21.039933043469055,1.9967617084618108,1117.2440530342149,0.0,445.3350794215785
2026-04-05 04:45:00,20.727153319739916,2.3995355877482027,1707.6579857967638,100.0,456.8622052711869
2026-04-05 05:00:00,20.455442217369264,2.5352653403040026,1391.2434391294553,0.0,456.92980160686824
2026-04-05 05:15:00,20.247152777768424,3.118674349500236,1782.2633971753423,100.0,470.8594224781027
2026-04-05 05:30:00,19.93357834203624,3.148730983590563,1482.43286427926,0.0,436.2467109289916
2026-04-05 05:45:00,19.740889985885747,2.7621535205784875,1540.941337204106,100.0,461.7712630518453
2026-04-05 06:00:00,20.783130105492386,3.683854512149405,9235.79091571833,100.0,458.09451470124577
2026-04-05 06:15:00,21.478648112736295,3.6057804364285335,8820.501405829067,100.0,475.34807974767494
2026-04-05 06:30:00,22.39129281784139,4.425384876525688,8801.430638433212,100.0,454.1992070549886
2026-04-05 06:45:00,23.248316099106873,4.131896937023304,8960.700315920378,0.0,462.8338328374801
2026-04-05 07:00:00,24.20976323986071,4.418285136709076,9165.434559924244,100.0,464.7336420838645
2026-04-05 07:15:00,24.94606065475114,5.071488981309741,8733.824549477302,100.0,455.7045247489593
2026-04-05 07:30:00,25.643943392257906,5.447453838605922,8666.39308002218,100.0,459.5818065279258
2026-04-05 07:45:00,26.56054204414133,5.67070152739162,9164.74418540876,100.0,458.5870492738524
2026-04-05 08:00:00,27.209235920440058,5.35524549217652,8879.4043374866,100.0,454.80305278387596
2026-04-05 08:15:00,28.06046415493602,6.35260337236843,8921.554797415944,0.0,450.758614877843
2026-04-05 08:30:00,28.63846336956148,6.215418864570616,8628.637919611967,0.0,440.1766755944653
2026-04-05 08:45:00,29.491912740159673,6.933678849717729,8864.204137129604,0.0,432.55707033009446
2026-04-05 09:00:00,29.553959371194512,6.774831554607277,4998.48654067377,0.0,446.9625882332146
2026-04-05 09:15:00,29.706968979810398,7.674774165002417,5186.075571524579,100.0,450.5771504286569
2026-04-05 09:30:00,29.875375162082886,7.636491879096785,4845.753966753072,100.0,458.98271305545984
2026-04-05 09:45:00,30.101531790404028,7.828548197132689,5331.4752240464995,0.0,442.72717689117314
2026-04-05 10:00:00,30.214441402324915,8.758241266457322,4863.08879516404,0.0,443.03027142379347
2026-04-05 10:15:00,30.419289551194556,8.941869266979317,4863.381639682965,100.0,481.0077048127212
2026-04-05 10:30:00,30.578163026703063,9.003645790749722,5307.471510379561,100.0,465.45129253735655
2026-04-05 10:45:00,30.83383175162386,9.933525291637961,5042.292030472783,100.0,466.9629680719627
2026-04-05 11:00:00,30.98551612742336,9.666901331119485,4889.5950541976845,100.0,450.78881362926165
2026-04-05 11:15:00,31.139931095385247,10.099010670587983,4968.973373763882,100.0,459.76829493090463
2026-04-05 11:30:00,31.34964754065554,10.448498715647265,5270.614715508412,100.0,466.7224210395321
2026-04-05 11:45:00,31.605258871835645,10.447396259933258,5293.2405639251365,0.0,441.80376869669595
2026-04-05 12:00:00,31.792981326771258,11.02604918527638,4836.6413641459485,100.0,472.26450274814385
2026-04-05 12:15:00,32.05306296663576,10.961002047342474,4991.513237984178,0.0,440.37842731279176
2026-04-05 12:30:00,32.18729961725337,11.217834030649321,5018.031365533515,0.0,447.7090709130786
2026-04-05 12:45:00,32.36214952781051,11.953474468049732,4802.751977896681,0.0,445.31158688019553
2026-04-05 13:00:00,32.649469783619146,11.418113166688851,4988.862989470001,0.0,451.3145652750553
2026-04-05 13:15:00,32.69298762147709,11.173572359542831,5001.06457209034,0.0,444.8760794251566
2026-04-05 13:30:00,32.92867041422193,12.528653612512368,5228.041895787347,100.0,462.8328509834325
2026-04-05 13:45:00,33.18347231365424,12.938406167117385,5241.48500566224,100.0,463.1109592657761
2026-04-05 14:00:00,33.26894411325652,12.160036815260948,4934.1581203281985,0.0,444.1248979408696
2026-04-05 14:15:00,33.45725903614,11.787942690836626,4957.209371227837,100.0,468.8807509479769
2026-04-05 14:30:00,33.650705035200325,12.342272817132427,5132.858460411127,0.0,451.9071069986994
2026-04-05 14:45:00,33.86413364757392,12.394793053543916,4882.962310214598,0.0,449.2910884379747
2026-04-05 15:00:00,34.01078549718907,12.447604254760572,5117.728030347481,100.0,461.55633333230435
2026-04-05 15:15:00,34.18180868528597,12.17311900566172,4982.418702526157,0.0,456.37235224415997
2026-04-05 15:30:00,34.367472276030945,12.662234997693528,4806.120284452276,100.0,463.11332604948655
2026-04-05 15:45:00,34.489645065668235,12.605763496937556,4808.632657424071,100.0,462.5464216973925
2026-04-05 16:00:00,34.62163106139122,11.939174683883191,5289.411739206221,0.0,450.837520239105
2026-04-05 16:15:00,34.742462992906994,12.515697913304699,4968.71570417134,0.0,463.5726934637668
2026-04-05 16:30:00,35.03636329138804,12.819949890002926,5328.070818779663,100.0,454.27715033583036
2026-04-05 16:45:00,35.13448344304215,12.134193328843805,4897.272747857018,100.0,471.15885514444284
2026-04-05 17:00:00,35.144574155896635,11.84070090264786,5058.2410402262985,100.0,449.85463071009514
2026-04-05 17:15:00,35.39440870458641,11.740082379939627,5478.535344603648,0.0,451.738185265829
2026-04-05 17:30:00,35.4978085965666,11.790275618433286,4788.522651067344,0.0,462.60066262086985
2026-04-05 17:45:00,35.55703424929733,10.892557611866174,4620.437100020044,100.0,468.90934819573846
2026-04-05 18:00:00,35.399215074035226,11.251069715891457,3257.3180262574465,100.0,466.36500062831834
2026-04-05 18:15:00,35.13491675423363,10.859496212324576,2834.638178921385,0.0,445.5164042495754
2026-04-05 18:30:00,34.95857675504297,11.291776676245897,2995.8587271787533,100.0,465.2483776039084
2026-04-05 18:45:00,34.706605791813914,10.432963861932333,2882.816357909683,100.0,462.98349747677315
2026-04-05 19:00:00,34.482774880447664,10.721498872591484,3053.632556191063,0.0,443.7121871365492
2026-04-05 19:15:00,34.255911377011735,9.615246282290446,2809.8927585628517,0.0,447.68099507620104
2026-04-05 19:30:00,34.05777559414172,9.838335576909182,2964.011982423339,100.0,466.5870492850115
2026-04-05 19:45:00,33.857305447722766,9.465595660665384,3089.9630653113068,100.0,458.86226345175487
2026-04-05 20:00:00,33.51161535353648,8.809817651888906,2798.3382227451475,0.0,443.54974543452255
2026-04-05 20:15:00,33.34898513556435,8.818984935168475,2859.9831940708223,0.0,439.1180524992626
2026-04-05 20:30:00,33.15143161936502,8.820597323819662,2930.523433280294,100.0,468.12580020871115
2026-04-05 20:45:00,32.867591849186134,8.048002183692143,2714.2369131547443,0.0,454.3625860957365
2026-04-05 21:00:00,32.61997927809959,7.3244644910941075,2915.487803440251,100.0,466.85328355389214
2026-04-05 21:15:00,32.43508703375561,7.513712710914708,3023.75930798058,100.0,472.72136394182934
2026-04-05 21:30:00,32.11029466604652,6.93659669778256,2920.0902116823145,100.0,465.7029410966458
2026-04-05 21:45:00,31.84300274991469,6.795770320926324,2945.724701413655,0.0,453.13608749892603
2026-04-05 22:00:00,31.452969337707096,6.569333303202224,1496.0196658186828,0.0,452.4306994051005
2026-04-05 22:15:00,31.02688430958294,5.783002314834323,1368.8513075135372,0.0,449.2676798446543
2026-04-05 22:30:00,30.636987271254473,5.51777966552256,1638.2125131733756,100.0,460.75342537496283
2026-04-05 22:45:00,30.198510170344207,5.863077304336345,1787.1956249603552,0.0,467.7132209263353
2026-04-05 23:00:00,29.631667850887446,5.287097599734609,1407.1239215609103,0.0,446.38439216117195
2026-04-05 23:15:00,29.25600145571484,4.410656147942016,1597.0396462955414,0.0,444.6729783110365
2026-04-05 23:30:00,28.85324763363572,5.163597766292484,1452.0765689130706,0.0,453.47207858760083
2026-04-05 23:45:00,28.440922547135106,4.770957088226166,1573.097469007701,0.0,452.01483532236006
